time,x,y,yaw_deg,vel_lin,vel_ang
0.5822,6e-05,-7e-05,0.0395,6e-06,6.7e-05
0.6277,6e-05,-7.1e-05,0.04,1.7e-05,0.000194
0.6888,6.1e-05,-7.1e-05,0.0404,1e-05,0.000114
0.7303,6.1e-05,-7.1e-05,0.0405,5e-06,5.4e-05
0.7757,6.2e-05,-7.2e-05,0.0409,1.7e-05,0.000195
0.8263,6.2e-05,-7.3e-05,0.0414,1.2e-05,0.000137
0.8736,6.3e-05,-7.3e-05,0.0416,7e-06,7.9e-05
0.9263,6.3e-05,-7.4e-05,0.0419,1e-05,0.000115
0.9745,6.4e-05,-7.4e-05,0.0421,6e-06,7e-05
1.0237,6.4e-05,-7.5e-05,0.0426,1.6e-05,0.000189
1.0778,6.5e-05,-7.6e-05,0.043,1e-05,0.000114
1.1277,6.5e-05,-7.6e-05,0.0432,7e-06,8e-05
1.1788,6.6e-05,-7.7e-05,0.0437,1.1e-05,0.000133
1.2283,6.6e-05,-7.7e-05,0.0437,0.0,-0.0
1.2739,6.7e-05,-7.8e-05,0.0442,1.4e-05,0.000163
1.3243,6.7e-05,-7.9e-05,0.0445,1e-05,0.000115
1.374,6.8e-05,-7.9e-05,0.0449,1.2e-05,0.000136
1.4253,6.8e-05,-8e-05,0.0453,1e-05,0.000115
1.479,6.9e-05,-8e-05,0.0456,1e-05,0.000114
1.5286,6.9e-05,-8.1e-05,0.046,1e-05,0.000115
1.5776,7e-05,-8.2e-05,0.0463,1e-05,0.000113
1.626,7e-05,-8.2e-05,0.0466,1e-05,0.000114
1.6743,7.1e-05,-8.3e-05,0.0468,7e-06,8.3e-05
1.7259,7.1e-05,-8.3e-05,0.0468,0.0,0.0
1.7747,7.1e-05,-8.3e-05,0.0468,0.0,0.0
1.8249,7.1e-05,-8.3e-05,0.0468,0.0,0.0
1.8831,7.3e-05,-8.5e-05,0.0482,4.1e-05,0.000476
1.9285,7.3e-05,-8.5e-05,0.0482,0.0,0.0
1.9766,7.4e-05,-8.6e-05,0.0487,1.5e-05,0.000178
2.0267,7.4e-05,-8.6e-05,0.0487,0.0,0.0
2.0775,7.4e-05,-8.6e-05,0.0487,0.0,0.0
2.1255,7.4e-05,-8.6e-05,0.0487,0.0,0.0
2.1764,7.4e-05,-8.6e-05,0.0487,0.0,0.0
2.2307,7.4e-05,-8.6e-05,0.0487,0.0,0.0
2.279,7.4e-05,-8.6e-05,0.0487,0.0,0.0
2.3288,7.4e-05,-8.6e-05,0.0487,0.0,0.0
2.3778,7.4e-05,-8.6e-05,0.0487,0.0,0.0
2.4267,7.4e-05,-8.6e-05,0.0487,0.0,0.0
2.4738,7.4e-05,-8.6e-05,0.0487,0.0,0.0
2.5813,7.4e-05,-8.6e-05,0.0487,0.0,0.0
2.5897,7.4e-05,-8.6e-05,0.0487,0.0,0.0
2.6236,7.4e-05,-8.6e-05,0.0487,0.0,0.0
2.6815,7.4e-05,-8.6e-05,0.0487,0.0,0.0
2.7283,7.4e-05,-8.6e-05,0.0487,0.0,0.0
2.7768,7.4e-05,-8.6e-05,0.0487,0.0,0.0
2.824,7.4e-05,-8.6e-05,0.0487,0.0,0.0
2.8739,7.4e-05,-8.6e-05,0.0487,0.0,0.0
2.9239,7.4e-05,-8.6e-05,0.0487,0.0,0.0
2.973,7.4e-05,-8.6e-05,0.0487,0.0,0.0
3.0234,7.4e-05,-8.6e-05,0.0487,0.0,0.0
3.0786,7.4e-05,-8.6e-05,0.0487,0.0,0.0
3.1296,8.5e-05,-9.9e-05,0.0563,0.000193,0.002224
3.1749,8.5e-05,-0.0001,0.0566,1.3e-05,0.000148
3.2296,8.6e-05,-0.0001,0.0568,7e-06,8.2e-05
3.2734,8.6e-05,-0.000101,0.0573,1.1e-05,0.000129
3.3244,8.6e-05,-0.000101,0.0573,0.0,-0.0
3.3736,8.6e-05,-0.000101,0.0573,0.0,-0.0
3.4233,8.6e-05,-0.000101,0.0573,0.0,-0.0
3.4806,8.6e-05,-0.000101,0.0573,0.0,-0.0
3.5284,8.6e-05,-0.000101,0.0573,0.0,-0.0
3.5846,8.9e-05,-0.000104,0.0591,8.8e-05,0.001018
3.6288,9e-05,-0.000105,0.0596,1.2e-05,0.000136
3.6891,9e-05,-0.000105,0.0596,0.0,0.0
3.7342,9.1e-05,-0.000106,0.0601,1.6e-05,0.000184
3.779,9.1e-05,-0.000106,0.0601,0.0,0.0
3.8298,9.9e-05,-0.000115,0.0654,0.000158,0.00183
3.8817,9.8e-05,-0.000114,0.0647,-2.6e-05,-0.000305
3.9268,9.8e-05,-0.000114,0.0647,0.0,0.0
3.9758,9.3e-05,-0.000108,0.0614,-9.7e-05,-0.00112
4.0285,9.3e-05,-0.000108,0.0614,0.0,-0.0
4.0741,9.9e-05,-0.000116,0.0658,0.000111,0.001285
4.1286,9.5e-05,-0.000111,0.0632,-7.9e-05,-0.000914
4.1832,9.5e-05,-0.000111,0.0632,0.0,0.0
4.2304,0.000102,-0.00012,0.0679,0.000135,0.001567
4.2878,0.00011,-0.000128,0.0726,0.000155,0.001788
4.3361,0.000111,-0.000129,0.0733,1.7e-05,0.000201
4.3844,0.000107,-0.000125,0.0708,-0.000125,-0.00144
4.433,0.000109,-0.000128,0.0725,5e-05,0.000577
4.5051,0.000109,-0.000127,0.0719,-1.4e-05,-0.000154
4.5236,0.00011,-0.000129,0.0729,2.9e-05,0.000326
4.5741,0.000117,-0.000136,0.0773,0.000129,0.001499
4.6248,0.000108,-0.000126,0.0713,-0.000191,-0.002213
4.6788,0.000114,-0.000133,0.0756,0.000126,0.001462
4.7281,0.000111,-0.00013,0.0735,-7.4e-05,-0.000848
4.7768,0.000107,-0.000125,0.0708,-8.4e-05,-0.000982
4.8268,0.000109,-0.000128,0.0724,3.5e-05,0.00041
4.8734,0.000105,-0.000122,0.0695,-0.000104,-0.001203
4.9246,0.000116,-0.000135,0.0768,0.000217,0.002511
4.9738,0.000116,-0.000135,0.0769,2e-06,3e-05
5.0242,0.000112,-0.000131,0.0742,-8.5e-05,-0.000983
5.0804,0.000112,-0.000131,0.0745,7e-06,9.1e-05
5.1308,0.000106,-0.000124,0.0703,-0.000152,-0.00176
5.1775,0.000112,-0.00013,0.074,0.000112,0.001292
5.2265,0.000112,-0.00013,0.0739,-3e-06,-3e-05
5.2749,0.000109,-0.000128,0.0724,-3.6e-05,-0.000429
5.3248,0.000119,-0.000139,0.0791,0.000202,0.002336
5.3756,0.000119,-0.000139,0.0791,0.0,-0.0
5.4243,0.000119,-0.000139,0.0791,0.0,-0.0
5.4788,0.000115,-0.000134,0.0763,-8.4e-05,-0.000973
5.5312,0.000115,-0.000134,0.0763,0.0,-0.0
5.576,0.000118,-0.000137,0.0779,4.9e-05,0.000565
5.6273,0.004505,-1.4e-05,0.2533,0.063121,0.044175
5.6762,0.00978,-0.000105,0.2027,0.130255,-0.021825
5.726,0.018403,-0.000177,0.2151,0.168706,0.004096
5.7752,0.029031,8e-06,0.3232,0.222327,0.03949
5.8257,0.039911,1.8e-05,0.4579,0.217299,0.046947
5.881,0.050432,-2e-06,0.6886,0.205895,0.078811
5.9284,0.058782,0.000125,0.7141,0.209391,0.011216
5.9784,0.068568,0.000146,0.7141,0.202077,0.0
6.0253,0.082448,0.000315,0.7373,0.195358,0.00573
6.0753,0.09025,0.000375,0.7276,0.191903,-0.004139
6.1257,0.100199,0.000408,0.6623,0.203689,-0.023391
6.1736,0.110135,0.000478,0.615,0.198817,-0.016427
6.2242,0.120107,0.000593,0.5247,0.198554,-0.031417
6.2822,0.129893,0.000562,0.5247,0.192261,0.0
6.3301,0.137816,0.000566,0.4416,0.200422,-0.036785
6.3778,0.148066,0.000501,0.4416,0.207101,-0.0
6.4272,0.161905,0.000529,0.2172,0.195163,-0.055245
6.4738,0.169872,0.000391,0.2172,0.193303,0.0
6.5241,0.180504,0.000509,0.2153,0.205218,-0.000774
6.5738,0.189048,0.00048,0.2153,0.203772,0.0
6.6236,0.200034,0.000384,0.214,0.203248,-0.000518
6.6811,0.210101,0.000424,0.0663,0.197583,-0.050574
6.7279,0.218392,0.000364,0.0663,0.207081,-0.0
6.7772,0.228097,0.000275,0.0663,0.195802,-0.0
6.8244,0.238024,0.000266,0.0663,0.192346,-0.0
6.8748,0.249795,0.000107,0.1634,0.199368,0.028755
6.9244,0.259709,3.3e-05,0.2606,0.20307,0.034718
6.9739,0.269468,6e-05,0.2829,0.195322,0.007792
7.0237,0.279527,0.000176,0.3225,0.201189,0.013756
7.0803,0.289571,0.000193,0.3395,0.199912,0.006022
7.1306,0.29751,5.7e-05,0.3732,0.196198,0.014492
7.175,0.307609,3e-05,0.3732,0.202746,0.0
7.2263,0.317667,-1.6e-05,0.3664,0.205196,-0.002316
7.2737,0.329526,4.8e-05,0.4012,0.192839,0.01001
7.3241,0.339366,-5e-06,0.4566,0.196643,0.019274
7.3735,0.349587,4.4e-05,0.4566,0.204762,0.0
7.4232,0.35963,7.5e-05,0.4002,0.200824,-0.019785
7.4807,0.369146,0.000163,0.342,0.206866,-0.021952
7.5288,0.377528,0.000173,0.342,0.189597,0.0
7.5774,0.391772,4.9e-05,0.3643,0.204597,0.005553
7.6254,0.39776,5.5e-05,0.3643,0.21028,0.0
7.674,0.409647,-2.3e-05,0.3177,0.194694,-0.0133
7.7241,0.41978,-1.1e-05,0.3004,0.203256,-0.006025
7.7739,0.429859,-1.1e-05,0.3004,0.202479,0.0
7.8238,0.439896,0.000116,0.2788,0.196606,-0.007327
7.8744,0.449477,3.2e-05,0.3766,0.208409,0.03731
7.9287,0.457904,0.000163,0.3862,0.191471,0.003737
7.9776,0.467765,0.000253,0.4024,0.196791,0.00569
8.0262,0.481178,0.000254,0.5429,0.200731,0.036782
8.0732,0.489796,0.00026,0.5453,0.200053,0.001059
8.1241,0.499635,0.000287,0.5066,0.200657,-0.0137
8.1755,0.509779,0.000382,0.4703,0.199136,-0.01245
8.2237,0.519319,0.000486,0.4481,0.202942,-0.0083
8.2786,0.529355,0.000536,0.4401,0.200581,-0.002729
8.3273,0.537523,0.000679,0.4119,0.189426,-0.011398
8.3772,0.547598,0.000725,0.3964,0.204936,-0.005608
8.4266,0.557767,0.000795,0.3823,0.201958,-0.004805
8.474,0.569792,0.000845,0.3672,0.198936,-0.004341
8.5237,0.579786,0.000859,0.3845,0.196386,0.005926
8.5744,0.590091,0.000846,0.4206,0.201765,0.012226
8.624,0.599771,0.000832,0.3509,0.206273,-0.026026
8.6748,0.609619,0.000901,0.292,0.199376,-0.020784
8.7297,0.617862,0.000785,0.2605,0.19816,-0.013186
8.7764,0.627903,0.000836,0.262,0.201907,0.000458
8.8263,0.637769,0.000721,0.2744,0.201304,0.004354
8.876,0.650064,0.000667,0.1848,0.200386,-0.025451
8.9365,0.659807,0.000581,0.1766,0.195683,-0.00289
8.9749,0.670087,0.000487,0.2629,0.208168,0.030408
9.0299,0.680203,0.000403,0.2741,0.205907,0.003983
9.0798,0.690102,0.00052,0.2618,0.197747,-0.004358
9.1292,0.697945,0.000446,0.2924,0.188751,0.012748
9.1793,0.708225,0.000355,0.3712,0.206382,0.027468
9.2262,0.722244,0.000339,0.3986,0.201194,0.006788
9.2752,0.730288,0.00031,0.4023,0.197637,0.001602
9.3264,0.740228,0.00035,0.3769,0.19846,-0.008945
9.3754,0.750184,0.000262,0.4094,0.203787,0.011467
9.4259,0.760354,0.000213,0.3895,0.203092,-0.007034
9.4819,0.770428,0.000177,0.36,0.198271,-0.010405
9.5286,0.778345,0.000211,0.3593,0.197767,-0.000326
9.5766,0.788191,7.1e-05,0.3593,0.196499,0.0
9.6287,0.802157,5.1e-05,0.3249,0.199558,-0.008726
9.6749,0.810274,-3.9e-05,0.3167,0.203555,-0.003801
9.7254,0.819918,3.6e-05,0.3167,0.196663,-0.0
9.7736,0.829795,4e-05,0.3167,0.193943,-0.0
9.8236,0.839945,-4.8e-05,0.3167,0.20698,-0.0
9.8794,0.850235,-9.4e-05,0.2968,0.201914,-0.006931
9.9283,0.857648,-0.000109,0.2968,0.184927,0.0
9.9779,0.867484,-0.000169,0.2968,0.197325,0.0
10.0265,0.881306,-0.000263,0.2546,0.198456,-0.010566
10.0749,0.889521,-0.0003,0.2512,0.197664,-0.001254
10.1239,0.899758,-0.000405,0.2424,0.209183,-0.002891
10.1735,0.909879,-0.000594,0.2103,0.20257,-0.011237
10.2233,0.919584,-0.000578,0.2103,0.198095,0.0
10.2796,0.929282,-0.000643,0.252,0.190181,0.014394
10.3288,0.937317,-0.000668,0.2894,0.195753,0.016122
10.377,0.946711,-0.000743,0.3634,0.191628,0.026408
10.4274,0.960286,-0.000801,0.4048,0.194527,0.010526
10.4755,0.968007,-0.000881,0.4877,0.191982,0.035992
10.5239,0.978791,-0.000907,0.5131,0.199748,0.008349
10.5736,0.9871,-0.000895,0.4847,0.198069,-0.011737
10.6235,0.996774,-0.000813,0.4312,0.197161,-0.019075
10.6807,1.00687,-0.000865,0.4222,0.2019,-0.003036
10.7286,1.017087,-0.00087,0.3668,0.204438,-0.01913
10.7763,1.026749,-0.000774,0.3118,0.194553,-0.019446
10.8261,1.034895,-0.000793,0.3089,0.201536,-0.001184
10.8742,1.047872,-0.000806,0.3089,0.19981,0.0
10.9241,1.057901,-0.000873,0.2897,0.200599,-0.006592
10.9742,1.067844,-0.000961,0.2932,0.19869,0.001153
11.0239,1.077788,-0.000972,0.3173,0.199221,0.008378
11.1062,1.087605,-0.001095,0.3382,0.192015,0.006979
11.1306,1.095767,-0.001026,0.3389,0.209486,0.00044
11.1762,1.10532,-0.001083,0.3718,0.192252,0.011525
11.2279,1.115437,-0.00106,0.4565,0.204128,0.029885
11.2736,1.127253,-0.001174,0.4897,0.194656,0.009495
11.3244,1.137222,-0.001207,0.4441,0.198974,-0.015764
11.3737,1.147069,-0.001272,0.4441,0.197514,-0.0
11.4235,1.157065,-0.00129,0.4823,0.199493,0.013287
11.4792,1.166366,-0.001209,0.4889,0.205687,0.002461
11.5277,1.175373,-0.001218,0.4948,0.201056,0.00241
11.5783,1.185218,-0.001282,0.5598,0.197264,0.022743
11.6273,1.195318,-0.001351,0.6267,0.204452,0.023654
11.6739,1.20746,-0.00135,0.655,0.199824,0.008131
11.7238,1.217525,-0.001369,0.626,0.201819,-0.010133
11.7741,1.2274,-0.001306,0.5781,0.197366,-0.016795
11.8245,1.236764,-0.001362,0.5001,0.198839,-0.029071
11.8741,1.246853,-0.001247,0.4406,0.202299,-0.020875
11.928,1.255687,-0.00125,0.4451,0.209,0.001822
11.9773,1.26564,-0.001224,0.4817,0.198184,0.012765
12.0263,1.279397,-0.001199,0.4298,0.202328,-0.013359
12.0738,1.287851,-0.001244,0.4038,0.198135,-0.010618
12.1252,1.298072,-0.00112,0.371,0.204894,-0.011425
12.1737,1.308064,-0.001143,0.3873,0.199947,0.005699
12.2289,1.317431,-0.0012,0.3907,0.199192,0.00119
12.274,1.327603,-0.00119,0.3584,0.199521,-0.011036
12.3274,1.336553,-0.001187,0.3932,0.207169,0.014103
12.3782,1.346466,-0.001147,0.4038,0.199466,0.003835
12.4258,1.35648,-0.001152,0.3344,0.198712,-0.024069
12.4749,1.368142,-0.001078,0.3393,0.198872,0.001451
12.5249,1.378036,-0.001175,0.4101,0.196827,0.024668
12.5748,1.38781,-0.001152,0.4027,0.195367,-0.002539
12.6245,1.397976,-0.001222,0.4201,0.207168,0.00617
12.6803,1.408317,-0.001172,0.3732,0.206886,-0.016323
12.7298,1.416224,-0.001312,0.3989,0.193795,0.010928
12.7761,1.425969,-0.001201,0.3858,0.194491,-0.004497
12.8293,1.436132,-0.001256,0.4274,0.206319,0.014746
12.8748,1.448086,-0.001171,0.4388,0.197372,0.003154
12.9253,1.458104,-0.001267,0.4388,0.199709,0.0001
12.9752,1.467907,-0.001117,0.3768,0.196895,-0.021729
13.0256,1.477694,-0.001274,0.3704,0.195454,-0.00227
13.0807,1.487945,-0.001333,0.3709,0.205064,0.000162
13.1302,1.496085,-0.001357,0.3574,0.203175,-0.005992
13.1777,1.506224,-0.001292,0.2773,0.197668,-0.027312
13.2259,1.520265,-0.001408,0.2599,0.205775,-0.004464
13.2757,1.528122,-0.001308,0.2599,0.194333,0.0
13.3261,1.538292,-0.001305,0.2599,0.203406,0.0
13.3745,1.54847,-0.001358,0.3113,0.203837,0.018038
13.4237,1.558321,-0.001351,0.3274,0.196826,0.005601
13.4838,1.568568,-0.001362,0.3983,0.203581,0.024633
13.5296,1.57651,-0.001373,0.4409,0.199804,0.018687
13.5766,1.586588,-0.001307,0.447,0.202765,0.002262
13.6284,1.600485,-0.001237,0.5607,0.19876,0.028357
13.6734,1.608474,-0.001105,0.5607,0.198202,0.0
13.7243,1.618472,-0.00118,0.5607,0.195905,0.0
13.7737,1.628441,-0.001125,0.5551,0.203842,-0.001914
13.8237,1.638591,-0.001109,0.5551,0.202903,-0.0
13.8807,1.6487,-0.001114,0.5551,0.202067,-0.0
13.9302,1.656719,-0.000911,0.5424,0.199155,-0.005635
13.9784,1.66667,-0.000843,0.5514,0.199993,0.003315
14.0255,1.679646,-0.000722,0.6105,0.196085,0.015562
14.0743,1.688718,-0.000798,0.6589,0.197966,0.018516
14.1238,1.699,-0.000729,0.6266,0.201048,-0.011015
14.1739,1.707491,-0.000762,0.6113,0.198385,-0.006233
14.2244,1.717537,-0.000668,0.5502,0.20069,-0.021425
14.2791,1.727466,-0.000694,0.5251,0.198698,-0.00875
14.3291,1.737339,-0.000643,0.4695,0.201024,-0.019919
14.3757,1.747702,-0.000592,0.457,0.207101,-0.004206
14.4287,1.755496,-0.000709,0.4884,0.198259,0.013838
14.4735,1.769213,-0.000667,0.4436,0.194366,-0.011053
14.5247,1.778192,-0.000733,0.4436,0.199111,-0.0
14.5735,1.788443,-0.000742,0.4642,0.205695,0.007325
14.6237,1.798239,-0.000733,0.4642,0.195681,0.0
14.6818,1.808429,-0.000714,0.4642,0.199964,0.0
14.7286,1.816107,-0.000698,0.5057,0.196372,0.018426
14.7766,1.826179,-0.000646,0.5878,0.20221,0.028884
14.8265,1.836016,-0.000636,0.5878,0.198096,-0.0
14.8745,1.84797,-0.000606,0.513,0.197632,-0.021543
14.9241,1.857948,-0.000516,0.4401,0.199771,-0.025409
14.9744,1.867992,-0.000673,0.417,0.200911,-0.007973
15.0243,1.877691,-0.000617,0.4133,0.19305,-0.001407
15.0742,1.887025,-0.000665,0.4411,0.203891,0.010704
15.1281,1.89542,-0.000653,0.4428,0.189901,0.000544
15.1767,1.905742,-0.000644,0.4507,0.208236,0.002786
15.2279,1.918881,-0.000588,0.4706,0.195845,0.005118
15.2756,1.927633,-0.00071,0.4945,0.202683,0.009691
15.3243,1.937616,-0.000741,0.491,0.199407,-0.00132
15.3735,1.947829,-0.00077,0.4401,0.204207,-0.017611
15.4242,1.956956,-0.000792,0.3652,0.194454,-0.027905
15.4798,1.966905,-0.000811,0.3662,0.199061,0.000388
15.5273,1.975507,-0.00086,0.3852,0.199213,0.00761
15.5795,1.9857,-0.00094,0.4067,0.207062,0.007521
15.6258,1.999287,-0.000888,0.3425,0.198042,-0.016339
15.6746,2.00764,-0.000829,0.3498,0.198736,0.002906
15.7245,2.017725,-0.000735,0.4075,0.205081,0.020489
15.7734,2.027735,-0.000831,0.4351,0.197167,0.009479
15.8238,2.037175,-0.000775,0.4398,0.196531,0.00166
15.8789,2.046862,-0.000815,0.5211,0.196765,0.02869
15.9281,2.05542,-0.000823,0.5834,0.199632,0.02542
15.9761,2.065528,-0.000829,0.6288,0.203538,0.015954
16.028,2.075626,-0.00081,0.6348,0.192993,0.002064
16.0736,2.087556,-0.000695,0.6235,0.202312,-0.003426
16.1245,2.097588,-0.000752,0.6256,0.200197,0.000772
16.1761,2.107772,-0.000634,0.5889,0.211534,-0.013215
16.2248,2.117584,-0.000575,0.5667,0.196386,-0.007828
16.281,2.127665,-0.000569,0.5546,0.20095,-0.003996
16.3297,2.135824,-0.000693,0.5864,0.200153,0.013748
16.3783,2.150017,-0.00054,0.5694,0.203401,-0.004035
16.4256,2.1599,-0.000515,0.5469,0.198015,-0.008015
16.4759,2.167831,-0.00049,0.543,0.197441,-0.001794
16.5254,2.177752,-0.000491,0.5389,0.194106,-0.001398
16.5755,2.187946,-0.000377,0.5084,0.212104,-0.010978
16.6262,2.19791,-0.000304,0.4928,0.19572,-0.005232
16.6808,2.207866,-0.000352,0.5184,0.202329,0.008965
16.7292,2.215945,-0.000196,0.5184,0.198848,0.0
16.7771,2.226125,-0.000157,0.5184,0.199219,0.0
16.8276,2.240167,-7.1e-05,0.6206,0.201897,0.025781
16.8755,2.248098,-2.2e-05,0.6496,0.201033,0.012774
16.9263,2.257853,0.00016,0.6496,0.195181,0.0
16.9753,2.267882,8.2e-05,0.6895,0.200877,0.014163
17.0253,2.277678,0.00015,0.6895,0.195871,0.0
17.0744,2.287594,0.000259,0.6895,0.198404,0.0
17.1284,2.295552,0.000237,0.6895,0.198821,0.0
17.178,2.305832,0.000408,0.6895,0.20117,0.0
17.2275,2.319786,0.000485,0.8136,0.20277,0.031518
17.2742,2.327676,0.00053,0.8021,0.196806,-0.005322
17.3245,2.337627,0.000624,0.7988,0.198837,-0.000996
17.3737,2.347596,0.000704,0.7596,0.199617,-0.013956
17.4237,2.357397,0.000765,0.6835,0.199068,-0.02685
17.4744,2.367297,0.000915,0.6392,0.1951,-0.015399
17.5303,2.375258,0.000932,0.582,0.194205,-0.024565
17.5778,2.385373,0.001013,0.5458,0.207143,-0.013186
17.6284,2.399231,0.001108,0.5209,0.198791,-0.006255
17.6743,2.407159,0.001234,0.5209,0.191143,0.0
17.7242,2.417369,0.001385,0.5209,0.208561,0.0
17.774,2.427355,0.001313,0.5524,0.199781,0.010924
17.8241,2.437252,0.001282,0.5254,0.197865,-0.009362
17.8811,2.44733,0.001383,0.5254,0.197197,0.0
17.9283,2.455472,0.001461,0.5004,0.209267,-0.011301
17.9806,2.465531,0.001477,0.5004,0.200727,-0.0
18.0253,2.47559,0.001331,0.5004,0.202041,-0.0
18.0754,2.487405,0.001493,0.4667,0.196522,-0.009724
18.1242,2.497364,0.001533,0.5074,0.199224,0.014221
18.1737,2.507247,0.00155,0.5715,0.197087,0.022308
18.2236,2.517215,0.001527,0.5781,0.199825,0.002381
18.274,2.527314,0.001476,0.5781,0.198208,0.0
18.3298,2.535322,0.001513,0.5446,0.203221,-0.014826
18.3757,2.545085,0.001504,0.5691,0.19674,0.008503
18.4265,2.555315,0.001542,0.5691,0.20562,-0.0
18.4736,2.567047,0.001619,0.5668,0.194679,-0.000704
18.5238,2.577067,0.001643,0.5749,0.200181,0.002928
18.5731,2.586954,0.001681,0.5749,0.198206,0.0
18.6256,2.596921,0.00183,0.4949,0.198872,-0.027781
18.6745,2.606088,0.001872,0.4664,0.199614,-0.010904
18.7268,2.614985,0.001931,0.4664,0.202018,0.0
18.7767,2.624779,0.001927,0.4318,0.197073,-0.012155
18.8256,2.638162,0.00195,0.3863,0.203649,-0.01206
18.874,2.646784,0.002006,0.4044,0.192998,0.007017
18.9243,2.656763,0.002033,0.4782,0.200061,0.025776
18.9736,2.666792,0.002055,0.4782,0.200685,-0.0
19.0239,2.676941,0.001975,0.4911,0.198885,0.004533
19.0749,2.686337,0.002021,0.5072,0.203832,0.006269
19.1285,2.694866,0.002088,0.5178,0.198126,0.004248
19.1769,2.704836,0.002154,0.5258,0.201619,0.002897
19.2282,2.718354,0.002184,0.5952,0.201925,0.018135
19.2737,2.726852,0.002275,0.6056,0.195534,0.004105
19.3244,2.736919,0.002345,0.5781,0.200926,-0.009613
19.3742,2.746779,0.002308,0.5933,0.197191,0.005338
19.4237,2.756464,0.002429,0.6001,0.202338,0.002734
19.4744,2.766275,0.002397,0.6433,0.196019,0.015087
19.5285,2.774523,0.002544,0.6418,0.197791,-0.000701
19.6222,2.784689,0.002573,0.673,0.20153,0.010818
19.6257,2.794795,0.002751,0.6911,0.201141,0.006139
19.6752,2.806871,0.002726,0.7428,0.201253,0.015138
19.7245,2.816913,0.002812,0.6657,0.197867,-0.02656
19.7743,2.826684,0.002743,0.6226,0.194519,-0.014828
19.8255,2.836281,0.002823,0.5582,0.20489,-0.024084
19.876,2.846609,0.00283,0.516,0.20254,-0.014477
19.9292,2.854737,0.002861,0.482,0.198974,-0.014769
19.9779,2.864865,0.002848,0.4415,0.201752,-0.014068
20.0288,2.87484,0.002893,0.4658,0.203253,0.008269
20.0752,2.88688,0.002913,0.5336,0.19856,0.019539
20.1267,2.896877,0.002909,0.5792,0.195691,0.01548
20.1764,2.906819,0.002883,0.6487,0.202763,0.024698
20.2265,2.916967,0.002913,0.6744,0.204611,0.009154
20.281,2.926876,0.00299,0.6619,0.197245,-0.004374
20.3287,2.934729,0.003049,0.653,0.195297,-0.004014
20.3788,2.944904,0.003032,0.6759,0.201897,0.00791
20.4267,2.95472,0.003198,0.6759,0.198539,0.0
20.4759,2.966849,0.003264,0.6759,0.202096,0.0
20.5258,2.976917,0.003361,0.6759,0.193357,0.0
20.5753,2.986826,0.003493,0.691,0.207046,0.005375
20.625,2.996965,0.003438,0.743,0.202622,0.018024
20.6742,3.007074,0.003426,0.743,0.201801,0.0
20.7289,3.014653,0.003576,0.6537,0.193294,-0.039881
20.7768,3.024884,0.00367,0.6537,0.204937,0.0
20.828,3.034811,0.003764,0.647,0.197628,-0.002492
20.8784,3.046859,0.003823,0.647,0.201474,0.0
20.9245,3.056918,0.003844,0.647,0.198087,0.0
20.9737,3.067087,0.003876,0.647,0.203654,0.0
21.0241,3.077124,0.004004,0.593,0.200261,-0.018905
21.0741,3.08728,0.003885,0.5435,0.203603,-0.01727
21.1282,3.095222,0.003966,0.513,0.193109,-0.013012
21.1788,3.105222,0.00395,0.4743,0.207698,-0.01405
21.2256,3.1152,0.004022,0.4743,0.196374,-0.0
21.274,3.127318,0.004175,0.4874,0.198717,0.003804
21.3244,3.137547,0.004167,0.5856,0.208528,0.034924
21.3735,3.147575,0.004207,0.5856,0.200771,0.0
21.4242,3.157563,0.00416,0.6189,0.199601,0.01175
21.4743,3.167742,0.004066,0.6845,0.199771,0.022627
21.5286,3.175579,0.004265,0.6845,0.200533,-0.0
21.5765,3.185559,0.004305,0.7327,0.202866,0.017059
21.6279,3.199579,0.004328,0.6947,0.195304,-0.009199
21.6737,3.207548,0.004543,0.6624,0.203785,-0.014275
21.7246,3.217387,0.004542,0.6706,0.197416,0.002852
21.7735,3.227365,0.004506,0.6706,0.199792,-0.0
21.8245,3.23706,0.00455,0.6706,0.193613,-0.0
21.8747,3.247332,0.004756,0.6184,0.201423,-0.017773
21.9294,3.25525,0.004765,0.6184,0.202626,0.0
21.9774,3.265264,0.004908,0.5896,0.201554,-0.010164
22.0268,3.27914,0.005052,0.5896,0.195103,0.0
22.0746,3.287259,0.005158,0.5896,0.207767,0.0
22.1234,3.29712,0.005191,0.5592,0.197099,-0.010703
22.1746,3.307155,0.005223,0.5238,0.200994,-0.012421
22.2241,3.317201,0.005381,0.4691,0.200804,-0.019034
22.2741,3.326687,0.005413,0.491,0.206294,0.008272
22.3281,3.335561,0.005441,0.4755,0.201248,-0.006142
22.3768,3.345638,0.005581,0.4212,0.202461,-0.019116
22.4281,3.359156,0.005653,0.4513,0.20319,0.007852
22.4742,3.368022,0.005718,0.4705,0.206172,0.007895
22.5242,3.377964,0.005762,0.4804,0.196269,0.003358
22.5736,3.387882,0.005915,0.4804,0.198291,-0.0
22.6244,3.397914,0.005946,0.5628,0.19679,0.028253
22.6741,3.407503,0.005943,0.6523,0.208574,0.033986
22.7312,3.415976,0.006009,0.6523,0.196943,-0.0
22.7779,3.426024,0.006122,0.6519,0.202576,-0.000138
22.826,3.436042,0.006185,0.6519,0.199387,-0.0
22.8742,3.447836,0.006359,0.6111,0.196102,-0.011831
22.9245,3.457889,0.006466,0.5679,0.201209,-0.015061
22.9736,3.467917,0.006729,0.5477,0.200601,-0.007094
23.0234,3.477583,0.006823,0.5287,0.201346,-0.00686
23.0749,3.487615,0.007021,0.4848,0.200257,-0.015291
23.1288,3.496126,0.007151,0.4436,0.206418,-0.017383
23.177,3.506207,0.007192,0.4649,0.20055,0.007302
23.2275,3.516309,0.007301,0.4535,0.196784,-0.00391
23.2735,3.52822,0.007356,0.4364,0.201669,-0.005139
23.3258,3.538166,0.007499,0.4082,0.1986,-0.009789
23.3758,3.548099,0.007605,0.3856,0.195858,-0.007805
23.4239,3.557603,0.007586,0.4191,0.199192,0.012224
23.4748,3.567635,0.007819,0.4017,0.201683,-0.00606
23.5295,3.575965,0.007872,0.3873,0.196016,-0.005916
23.5785,3.585809,0.008044,0.3791,0.193068,-0.002837
23.6268,3.599644,0.008111,0.2652,0.202358,-0.029078
23.6765,3.607855,0.008202,0.2589,0.205568,-0.002764
23.725,3.617445,0.008211,0.329,0.188092,0.024016
23.7754,3.627576,0.008229,0.4361,0.206311,0.038074
23.8257,3.637685,0.008248,0.4161,0.202241,-0.006974
23.8807,3.647779,0.008272,0.4261,0.205643,0.0036
23.9287,3.655722,0.008451,0.423,0.190152,-0.001261
23.9781,3.66593,0.008397,0.4876,0.206877,0.022826
24.0285,3.679557,0.008683,0.4902,0.194928,0.000665
24.0755,3.687141,0.008764,0.4902,0.190902,-0.0
24.1278,3.697166,0.00887,0.5014,0.199773,0.003939
24.1749,3.707337,0.008955,0.5019,0.204324,0.000158
24.2253,3.717198,0.009254,0.4583,0.197059,-0.015203
24.2824,3.727191,0.009289,0.4423,0.195498,-0.005418
24.3286,3.735273,0.009417,0.4173,0.20266,-0.010879
24.3784,3.745423,0.009428,0.4173,0.20934,-0.0
24.4279,3.75946,0.009551,0.4173,0.195857,-0.0
24.4738,3.767428,0.009683,0.4173,0.20504,-0.0
24.5254,3.777366,0.009664,0.4173,0.194865,-0.0
24.5739,3.787323,0.009581,0.4503,0.20348,0.011784
24.6241,3.797567,0.009711,0.4258,0.204588,-0.008539
24.6743,3.807221,0.009774,0.4258,0.189431,-0.0
24.7295,3.815546,0.00974,0.5011,0.208119,0.032913
24.7788,3.825416,0.009786,0.477,0.202028,-0.008623
24.828,3.835293,0.009878,0.477,0.196039,-0.0
24.8744,3.847003,0.009949,0.5136,0.1954,0.010666
24.9239,3.85709,0.009953,0.5594,0.198285,0.015694
24.9758,3.86706,0.010019,0.6069,0.203822,0.016941
25.0238,3.877259,0.010154,0.6069,0.203788,0.0
25.0742,3.88693,0.010123,0.6703,0.189642,0.021688
25.1286,3.894886,0.010177,0.7087,0.194073,0.016354
25.1787,3.904903,0.01031,0.7087,0.211046,-0.0
25.2258,3.918938,0.010387,0.7,0.196358,-0.002185
25.2743,3.926607,0.010418,0.6693,0.196178,-0.01374
25.3257,3.93665,0.010588,0.6325,0.200561,-0.012751
25.3737,3.946355,0.010696,0.6325,0.194676,-0.0
25.4242,3.956578,0.010899,0.6017,0.204308,-0.010741
25.4742,3.965548,0.010993,0.5763,0.195057,-0.009683
25.5298,3.975238,0.011054,0.52,0.201061,-0.020336
25.5761,3.985443,0.011057,0.4767,0.202963,-0.015033
25.6274,3.993421,0.011147,0.4702,0.200962,-0.002902
25.6742,4.007249,0.011083,0.5315,0.196856,0.015229
25.7251,4.017399,0.011198,0.5115,0.200558,-0.006791
25.7736,4.025256,0.011171,0.5115,0.196773,-0.0
25.8241,4.035429,0.011228,0.554,0.199207,0.014606
25.8744,4.045205,0.011273,0.554,0.195706,0.0
25.9279,4.055154,0.011386,0.549,0.205626,-0.001744
25.9777,4.064818,0.011396,0.5749,0.19258,0.009115
26.0263,4.077086,0.011431,0.5206,0.200744,-0.015505
26.077,4.087104,0.01143,0.5206,0.206014,0.0
26.1239,4.096158,0.011424,0.5041,0.198097,-0.006199
26.1737,4.106045,0.011471,0.5041,0.197612,0.0
26.2246,4.116117,0.01139,0.5392,0.200512,0.012177
26.2744,4.125321,0.011496,0.5422,0.196808,0.001192
26.3282,4.133662,0.011511,0.5684,0.189164,0.010537
26.3776,4.143626,0.01161,0.5795,0.201804,0.003886
26.4284,4.153311,0.011466,0.5862,0.196998,0.002274
26.4737,4.164957,0.011578,0.5151,0.192943,-0.020581
26.5243,4.174974,0.011599,0.5013,0.20356,-0.004981
26.5741,4.184912,0.011554,0.5013,0.195276,0.0
26.6239,4.194545,0.011519,0.4405,0.201155,-0.022239
26.675,4.204277,0.011576,0.3983,0.197878,-0.014996
26.7281,4.21283,0.011605,0.3982,0.199777,-7.2e-05
26.7789,4.222914,0.011615,0.4148,0.203612,0.005881
26.8276,4.233057,0.011631,0.4237,0.199111,0.002974
26.8739,4.24523,0.011654,0.4597,0.204299,0.01052
26.9238,4.255424,0.01178,0.542,0.199317,0.027969
26.9749,4.265577,0.011749,0.6711,0.203638,0.045256
27.0255,4.275236,0.011828,0.6935,0.200938,0.008078
27.075,4.285305,0.011904,0.7135,0.204824,0.007102
27.1304,4.293509,0.011877,0.7493,0.190645,0.014526
27.1771,4.303587,0.011956,0.756,0.200095,0.002414
27.2268,4.317226,0.012002,0.6797,0.203482,-0.019915
27.2762,4.325749,0.012264,0.6735,0.201158,-0.002463
27.3273,4.33533,0.012109,0.7505,0.191511,0.026804
27.3753,4.344954,0.012166,0.8168,0.200233,0.024098
27.4255,4.355324,0.012309,0.8161,0.20347,-0.000257
27.4759,4.365243,0.012413,0.8374,0.195252,0.007243
27.5285,4.37304,0.012451,0.8374,0.194351,-0.0
27.5795,4.382653,0.012549,0.8036,0.193878,-0.011844
27.6259,4.392453,0.012667,0.7004,0.19504,-0.035888
27.6756,4.404613,0.012758,0.6538,0.205481,-0.013777
27.7257,4.414651,0.012928,0.5879,0.197066,-0.022706
27.7752,4.424114,0.013028,0.5879,0.193389,-0.0
27.8249,4.433502,0.013022,0.5784,0.187678,-0.003288
27.8816,4.443411,0.012896,0.5796,0.19672,0.000337
27.9297,4.451056,0.012913,0.5596,0.187676,-0.008633
27.9767,4.461047,0.013015,0.4886,0.198636,-0.024556
28.0285,4.47461,0.013084,0.4886,0.197148,0.0
28.0904,4.48273,0.013054,0.4886,0.198542,0.0
28.2495,4.502611,0.012918,0.4787,0.190955,-0.008796
28.2502,4.512383,0.012769,0.6095,0.195241,0.045562
28.2743,4.522136,0.012827,0.7069,0.195269,0.034106
28.3294,4.529943,0.012776,0.7069,0.194493,0.0
28.3802,4.540083,0.012831,0.6812,0.205542,-0.009001
28.4274,4.549977,0.012926,0.6265,0.202867,-0.019497
28.4745,4.562006,0.0128,0.6133,0.19632,-0.003826
28.5244,4.571933,0.012906,0.6133,0.196389,-0.0
28.5738,4.581986,0.01293,0.5961,0.20508,-0.006099
28.6237,4.591904,0.013009,0.5567,0.198538,-0.013722
28.6738,4.601983,0.013055,0.5567,0.197707,0.0
28.7293,4.609869,0.013165,0.5567,0.191773,0.0
28.7774,4.619857,0.013361,0.5501,0.206196,-0.002131
28.83,4.629764,0.013476,0.5501,0.198313,-0.0
28.8744,4.641732,0.013581,0.5108,0.197224,-0.011383
28.9238,4.651557,0.013639,0.4639,0.204799,-0.017116
28.9735,4.661264,0.013699,0.452,0.20716,-0.0043
29.0236,4.670966,0.013679,0.4499,0.194089,-0.000703
29.0748,4.681088,0.013743,0.4518,0.19796,0.000581
29.1299,4.690784,0.013852,0.4265,0.202219,-0.009144
29.1775,4.70096,0.013854,0.4504,0.205686,0.008464
29.2266,4.713931,0.013873,0.4926,0.193299,0.010962
29.2748,4.721929,0.014025,0.4926,0.2033,-0.0
29.3242,4.731864,0.014075,0.5376,0.202707,0.015966
29.3738,4.742177,0.013993,0.5985,0.202474,0.02095
29.4236,4.751861,0.014075,0.5985,0.197527,-0.0
29.4742,4.761874,0.014107,0.6354,0.196136,0.012531
29.5293,4.769852,0.014219,0.6354,0.204039,-0.0
29.5767,4.779739,0.014288,0.6354,0.199174,-0.0
29.6281,4.792554,0.014398,0.6089,0.195095,-0.007022
29.6746,4.801661,0.014497,0.5817,0.203457,-0.010567
29.7243,4.811477,0.014753,0.5483,0.193346,-0.011527
29.7734,4.821551,0.01476,0.5585,0.201775,0.003587
29.8243,4.831481,0.014852,0.5672,0.197954,0.003129
29.8743,4.840722,0.015016,0.4888,0.201582,-0.029996
29.9309,4.849669,0.015169,0.4888,0.202812,-0.0
29.9785,4.859792,0.015193,0.531,0.196712,0.014321
30.0267,4.872789,0.015253,0.504,0.202505,-0.007286
30.0748,4.881532,0.015316,0.4759,0.199127,-0.01127
30.1254,4.891385,0.015416,0.4468,0.198417,-0.010277
30.1736,4.901324,0.015561,0.4549,0.196134,0.00266
30.2239,4.911148,0.015701,0.4605,0.192642,0.001954
30.2741,4.920527,0.015654,0.4979,0.203625,0.014034
30.3288,4.929355,0.015782,0.5322,0.20882,0.014237
30.377,4.9391,0.015766,0.5656,0.193877,0.011517
30.4299,4.952145,0.0159,0.5573,0.193688,-0.002145
30.4736,4.960867,0.015898,0.6017,0.202159,0.017911
30.5241,4.970919,0.015951,0.6503,0.201382,0.016918
30.5748,4.980396,0.016247,0.6606,0.190847,0.003575
30.6236,4.98728,0.016314,0.7045,0.142448,0.015761
30.6749,4.991194,0.016289,0.7481,0.079191,0.01553
30.7292,4.992608,0.016313,0.7683,0.033881,0.008365
30.778,4.99206,0.016287,0.7928,-0.008013,0.00631
30.8272,4.991665,0.016314,0.7928,-0.012437,0.0
30.8768,4.991443,0.016333,0.7926,-0.003634,-3.2e-05
30.9249,4.991551,0.016303,0.8105,0.002089,0.006044
30.9751,4.991529,0.016328,0.796,-0.000455,-0.005212
31.0257,4.991536,0.01632,0.8005,0.000147,0.001643
31.0803,4.991516,0.016343,0.7873,-0.000388,-0.004541
31.1293,4.991514,0.016345,0.786,-4.6e-05,-0.000555
31.178,4.991534,0.016322,0.7992,0.000396,0.004613
31.2284,4.99152,0.016338,0.7904,-0.000263,-0.00305
31.2754,4.991527,0.016331,0.7945,0.000101,0.001163
31.3257,4.991522,0.016336,0.7916,-8.4e-05,-0.000985
31.3747,4.991525,0.016333,0.7933,5.6e-05,0.000596
31.4255,4.991526,0.016331,0.7942,1.9e-05,0.00031
31.4811,4.991527,0.016331,0.7944,9e-06,9.5e-05
31.5296,4.991526,0.016331,0.7941,-1.2e-05,-0.000154
31.579,4.991529,0.016329,0.7956,4.8e-05,0.000531
31.6284,4.991526,0.016331,0.794,-3.3e-05,-0.0004
31.6755,4.991526,0.016331,0.794,0.0,0.0
31.7251,4.991526,0.016331,0.794,0.0,0.0
31.7756,4.991526,0.016331,0.794,0.0,0.0
31.8243,4.991526,0.016331,0.794,0.0,0.0
31.8742,4.991526,0.016331,0.794,0.0,0.0
31.9304,4.991526,0.016331,0.794,0.0,0.0
31.9776,4.991517,0.016342,0.7881,-0.000177,-0.002049
32.0281,4.991517,0.016342,0.7881,0.0,0.0
32.0741,4.991517,0.016342,0.7881,0.0,0.0
32.1246,4.991517,0.016342,0.7881,0.0,0.0
32.1735,4.991517,0.016342,0.7881,0.0,0.0
32.2246,4.991517,0.016342,0.7881,0.0,0.0
32.274,4.991517,0.016342,0.7881,0.0,0.0
32.3293,4.991517,0.016342,0.7881,0.0,0.0
32.3813,4.991517,0.016342,0.7881,0.0,0.0
32.4256,4.991517,0.016342,0.7881,0.0,0.0
32.4751,4.991517,0.016342,0.7881,0.0,0.0
32.5238,4.991517,0.016342,0.7881,0.0,0.0
32.5741,4.991517,0.016342,0.7881,0.0,0.0
32.6242,4.991517,0.016342,0.7881,0.0,0.0
32.674,4.991517,0.016342,0.7881,0.0,0.0
32.7294,4.991517,0.016342,0.7881,0.0,0.0
32.7761,4.991517,0.016342,0.7881,0.0,0.0
32.8262,4.991517,0.016342,0.7881,0.0,0.0
32.8742,4.991517,0.016342,0.7881,0.0,0.0
32.9243,4.991517,0.016342,0.7881,0.0,0.0
32.9745,4.991517,0.016342,0.7881,0.0,0.0
33.0235,4.991503,0.016358,0.779,-0.000303,-0.003453
33.0744,4.991505,0.016356,0.78,2.8e-05,0.000338
33.129,4.991503,0.016357,0.7791,-2.8e-05,-0.00027
33.1772,4.991504,0.016357,0.7794,9e-06,6.7e-05
33.2269,4.991505,0.016355,0.7803,2.3e-05,0.000274
33.2745,4.991504,0.016357,0.7796,-2.9e-05,-0.000253
33.3246,4.991509,0.01635,0.7831,0.000102,0.001208
33.3743,4.991508,0.016352,0.7822,-3.5e-05,-0.000388
33.4245,4.991508,0.016351,0.7827,1.9e-05,0.000174
33.4738,4.99151,0.016349,0.7839,3.7e-05,0.000427
33.5281,4.991508,0.016352,0.782,-5.7e-05,-0.000668
33.5773,4.991508,0.016352,0.7822,1e-05,6.1e-05
33.6284,4.991513,0.016346,0.7855,8.4e-05,0.000941
33.6744,4.991513,0.016346,0.7855,0.0,0.0
33.7245,4.991516,0.016344,0.7869,4.8e-05,0.000502
33.7736,4.991516,0.016344,0.7869,0.0,0.0
33.8237,4.991513,0.016347,0.785,-5.5e-05,-0.00066
33.8745,4.991514,0.016345,0.786,3.1e-05,0.000407
33.9278,4.991514,0.016345,0.786,0.0,-0.0
33.9777,4.991516,0.016343,0.7872,3.7e-05,0.000391
34.0279,4.991511,0.016349,0.784,-7.1e-05,-0.000831
34.0755,4.991508,0.016353,0.7817,-8.8e-05,-0.000974
34.124,4.991513,0.016346,0.7855,0.000111,0.001322
34.175,4.991509,0.016351,0.7827,-8.5e-05,-0.000961
34.2236,4.991511,0.016349,0.7841,4.9e-05,0.000506
34.2747,4.991509,0.01635,0.783,-3.8e-05,-0.000376
34.3293,4.991509,0.01635,0.7831,-0.0,2.5e-05
34.378,4.991513,0.016346,0.7853,6.5e-05,0.000788
34.4282,4.991508,0.016351,0.7825,-6.3e-05,-0.000742
34.4743,4.991513,0.016347,0.7853,0.0001,0.001154
34.5247,4.991512,0.016348,0.7847,-1.9e-05,-0.000174
34.5744,4.991512,0.016347,0.7851,9e-06,0.000116
34.6259,4.991521,0.016337,0.7908,0.000183,0.002166
34.6754,4.991518,0.01634,0.7889,-5.6e-05,-0.000676
34.7289,4.991519,0.016339,0.7899,3.3e-05,0.000398
34.7784,4.991519,0.016338,0.79,-0.0,4.9e-05
34.8265,4.991514,0.016344,0.7869,-7.4e-05,-0.000789
34.8758,4.991518,0.01634,0.7893,9.4e-05,0.001071
34.9272,4.991512,0.016346,0.7855,-0.00011,-0.001313
34.9756,4.991512,0.016347,0.7852,-1e-05,-8e-05
35.0255,4.991516,0.016342,0.7877,7.6e-05,0.000906
35.0796,4.991515,0.016343,0.7874,-9e-06,-0.000134
35.1296,4.991518,0.016339,0.7896,8.2e-05,0.000943
35.1774,4.991516,0.016342,0.7878,-5.6e-05,-0.000587
35.2295,4.991518,0.016339,0.7896,3.4e-05,0.000442
35.2753,4.991517,0.01634,0.789,-2.4e-05,-0.000263
35.326,4.991515,0.016342,0.7879,-3.6e-05,-0.000396
35.3756,4.991515,0.016342,0.7879,0.0,0.0
35.4235,4.991515,0.016342,0.7879,0.0,0.0
35.4736,4.991515,0.016342,0.7879,0.0,0.0
35.5302,4.991515,0.016342,0.7879,0.0,0.0
35.578,4.991517,0.01634,0.7889,2.8e-05,0.000337
35.6268,4.991517,0.01634,0.7889,0.0,0.0
35.6738,4.991521,0.016335,0.7919,7.9e-05,0.000893
35.7244,4.991521,0.016335,0.7919,0.0,0.0
35.7743,4.991521,0.016335,0.7919,0.0,0.0
35.8238,4.991521,0.016335,0.7919,0.0,0.0
35.8744,4.991521,0.016335,0.7919,0.0,0.0
35.9303,4.991521,0.016335,0.7919,0.0,0.0
35.9781,4.991521,0.016335,0.7919,0.0,0.0
36.0293,4.991521,0.016335,0.7919,0.0,0.0
36.0739,4.991521,0.016335,0.7919,0.0,0.0
36.1245,4.991521,0.016335,0.7919,0.0,0.0
36.1739,4.991521,0.016335,0.7919,0.0,0.0
36.2237,4.991521,0.016335,0.7919,0.0,0.0
36.2739,4.991521,0.016335,0.7919,0.0,0.0
36.3293,4.991521,0.016335,0.7919,0.0,0.0
36.3807,4.991522,0.016334,0.7926,1.8e-05,0.00022
36.4265,4.991524,0.016332,0.7938,3e-05,0.000343
36.4764,4.99152,0.016336,0.7913,-7.9e-05,-0.000928
36.5243,4.991522,0.016334,0.7926,3.8e-05,0.000473
36.5736,4.991523,0.016333,0.7932,2.2e-05,0.000265
36.6702,4.991524,0.016332,0.7934,1e-05,5.8e-05
36.6738,4.991528,0.016328,0.7958,7.4e-05,0.000839
36.7375,4.991523,0.016334,0.7927,-9.6e-05,-0.001118
36.8128,4.991527,0.016329,0.7955,8.5e-05,0.001008
36.8975,4.991525,0.016331,0.7943,-4.7e-05,-0.000522
36.8984,4.991524,0.016332,0.7937,-1.4e-05,-0.000174
36.9504,4.991521,0.016335,0.7919,-5.5e-05,-0.000589
36.9861,4.991518,0.016339,0.7896,-9.4e-05,-0.001038
37.0788,4.991518,0.016339,0.7895,0.0,-4.5e-05
37.104,4.991517,0.01634,0.7892,-8e-06,-9.3e-05
37.1285,4.991517,0.01634,0.7892,0.0,0.0
37.1764,4.991521,0.016335,0.7919,8.4e-05,0.000932
37.2264,4.991521,0.016335,0.7919,0.0,0.0
37.2832,4.991514,0.016344,0.787,-0.000124,-0.00143
37.3237,4.991522,0.016334,0.7923,0.00016,0.001863
37.3739,4.991522,0.016334,0.7923,0.0,0.0
37.4246,4.991526,0.01633,0.7949,8.3e-05,0.000907
37.4739,4.991519,0.016338,0.7905,-0.000146,-0.001714
37.5293,4.991519,0.016338,0.7905,0.0,0.0
37.577,4.991524,0.016333,0.7931,8.4e-05,0.000929
37.6303,4.991521,0.016336,0.7916,-3.5e-05,-0.000419
37.6751,4.991521,0.016336,0.7916,0.0,0.0
37.7244,4.99152,0.016337,0.7908,-2.8e-05,-0.000263
37.7737,4.99152,0.016337,0.7908,0.0,0.0
37.8244,4.991518,0.016339,0.7895,-4e-05,-0.000481
37.8742,4.991514,0.016344,0.787,-7.4e-05,-0.000876
37.928,4.991516,0.016341,0.7883,4.5e-05,0.000538
37.9816,4.991518,0.01634,0.7893,2.8e-05,0.000362
38.0269,4.99152,0.016336,0.7911,3.4e-05,0.000446
38.0756,4.99152,0.016336,0.7913,1.1e-05,0.000124
38.1264,4.991514,0.016344,0.7869,-0.000131,-0.00154
38.1751,4.991518,0.016339,0.7894,7.3e-05,0.000846
38.2248,4.991515,0.016342,0.788,-4.9e-05,-0.000495
38.2809,4.991516,0.016341,0.7882,1e-05,6.1e-05
38.3366,4.991518,0.016338,0.79,6.5e-05,0.000748
38.3834,4.991513,0.016345,0.7862,-0.000109,-0.001291
38.504,4.991523,0.016333,0.7928,0.000147,0.00172
38.5171,4.99152,0.016336,0.7913,-5.7e-05,-0.00063
38.5531,4.991521,0.016335,0.7919,9e-06,0.000175
38.6015,4.991524,0.016331,0.794,6.6e-05,0.00077
38.6254,4.991517,0.01634,0.7893,-0.000151,-0.00165
38.6759,4.991519,0.016337,0.791,4.7e-05,0.000582
38.7425,4.991518,0.016338,0.7901,-3.5e-05,-0.000391
38.7937,4.991513,0.016343,0.7872,-8.4e-05,-0.001003
38.8501,4.991518,0.016338,0.7902,6.1e-05,0.000737
38.8815,4.991515,0.016341,0.7884,-7.1e-05,-0.000784
38.9299,4.991517,0.016339,0.7898,3.6e-05,0.000475
38.9759,4.991517,0.016338,0.7902,1e-05,0.000123
39.026,4.991516,0.01634,0.7892,-2.8e-05,-0.000357
39.0755,4.991516,0.01634,0.7892,0.0,0.0
39.1293,4.991516,0.01634,0.7892,0.0,0.0
39.18,4.991516,0.01634,0.7892,0.0,0.0
39.2285,4.991515,0.016341,0.7887,-7e-06,-0.000102
39.2737,4.991515,0.016341,0.7887,0.0,0.0
39.3279,4.991515,0.016341,0.7887,0.0,0.0
39.3735,4.991515,0.016341,0.7887,0.0,0.0
39.4233,4.991515,0.016341,0.7887,0.0,0.0
39.4739,4.991515,0.016341,0.7887,0.0,0.0
39.5287,4.991515,0.016341,0.7887,0.0,0.0
39.5787,4.991515,0.016341,0.7887,0.0,0.0
39.6276,4.991515,0.016341,0.7887,0.0,0.0
39.6741,4.991515,0.016341,0.7887,0.0,0.0
39.7236,4.991515,0.016341,0.7887,0.0,0.0
39.7739,4.991515,0.016341,0.7887,0.0,0.0
39.824,4.991515,0.016341,0.7887,0.0,0.0
39.8749,4.991515,0.016341,0.7887,0.0,0.0
39.9296,4.991515,0.016341,0.7887,0.0,0.0
39.9801,4.991517,0.016339,0.7897,2.7e-05,0.000338
40.0287,4.991517,0.016339,0.7897,0.0,0.0
40.0751,4.991512,0.016344,0.7869,-8.5e-05,-0.000991
40.1249,4.991512,0.016344,0.7869,0.0,0.0
40.1852,4.991512,0.016344,0.7869,0.0,0.0
40.2237,4.991512,0.016344,0.7869,0.0,0.0
40.2741,4.991512,0.016344,0.7869,0.0,0.0
40.3298,4.991512,0.016344,0.7869,0.0,0.0
40.3782,4.991512,0.016344,0.7869,0.0,0.0
40.4278,4.991512,0.016344,0.7869,0.0,0.0
40.4757,4.991512,0.016344,0.7869,0.0,0.0
40.524,4.991529,0.016324,0.798,0.000249,0.002945
40.5738,4.991531,0.016322,0.7993,4.7e-05,0.000556
40.6239,4.991532,0.016321,0.8,1.9e-05,0.000263
40.6738,4.99153,0.016323,0.7988,-3.7e-05,-0.000407
40.7285,4.991531,0.016322,0.7993,2e-05,0.000177
40.7761,4.991531,0.016322,0.7993,0.0,0.0
40.8276,4.991531,0.016322,0.7993,0.0,0.0
40.8736,4.991531,0.016322,0.7995,8e-06,5.9e-05
40.9244,4.991528,0.016326,0.7969,-7.5e-05,-0.000896
40.9737,4.991528,0.016326,0.7969,0.0,0.0
41.0242,4.991532,0.016321,0.8001,9.4e-05,0.001114
41.0741,4.991526,0.016328,0.7957,-0.000143,-0.001663
41.1276,4.991526,0.016328,0.7957,0.0,-0.0
41.183,4.991524,0.01633,0.7949,-2.8e-05,-0.000271
41.2295,4.991524,0.01633,0.7949,0.0,-0.0
41.2749,4.991527,0.016326,0.7969,5.5e-05,0.00069
41.3248,4.991519,0.016335,0.7917,-0.000135,-0.001559
41.3741,4.991519,0.016335,0.7917,0.0,0.0
41.4234,4.99152,0.016334,0.7924,1.8e-05,0.00025
41.4744,4.991524,0.01633,0.7951,9.6e-05,0.00106
41.5287,4.991527,0.016326,0.7969,6.6e-05,0.000751
41.5784,4.991523,0.016331,0.794,-8.4e-05,-0.001003
41.6285,4.991522,0.016332,0.7939,-7e-06,-3.1e-05
41.6744,4.991518,0.016337,0.7909,-0.00011,-0.001244
41.725,4.99152,0.016333,0.7929,5.5e-05,0.00069
41.7753,4.991522,0.016332,0.7938,2.8e-05,0.000326
41.8243,4.991515,0.016339,0.7895,-0.000139,-0.001619
41.8751,4.991518,0.016336,0.7914,5.6e-05,0.000677
41.9299,4.991517,0.016338,0.7905,-3.4e-05,-0.000373
41.9798,4.991511,0.016344,0.787,-0.000103,-0.001226
42.0265,4.991512,0.016343,0.7876,1.8e-05,0.000202
42.0767,4.991508,0.016347,0.785,-6.4e-05,-0.000765
42.1252,4.991511,0.016344,0.7867,4.6e-05,0.000573
42.1771,4.991509,0.016346,0.7855,-3.7e-05,-0.000407
42.2269,4.991511,0.016344,0.7867,4e-05,0.000428
42.2756,4.99151,0.016344,0.7865,-9e-06,-5.5e-05
42.3405,4.991505,0.016351,0.783,-0.000129,-0.001569
42.3794,4.991508,0.016347,0.785,5.6e-05,0.000695
42.4283,4.991504,0.016351,0.7825,-7.6e-05,-0.000848
42.4751,4.991503,0.016353,0.7815,-2.3e-05,-0.000303
42.5282,4.991506,0.01635,0.7835,5.6e-05,0.00069
42.5751,4.991503,0.016352,0.782,-4.7e-05,-0.000514
42.6249,4.991503,0.016352,0.782,0.0,-0.0
42.6824,4.991503,0.016352,0.782,0.0,-0.0
42.7293,4.991503,0.016352,0.782,0.0,-0.0
42.7806,4.991512,0.016342,0.788,0.000178,0.002085
42.8285,4.991512,0.016342,0.788,0.0,0.0
42.8744,4.991512,0.016342,0.788,0.0,0.0
42.9237,4.991512,0.016342,0.788,0.0,0.0
42.9738,4.991512,0.016342,0.788,0.0,0.0
43.0244,4.991512,0.016342,0.788,0.0,0.0
43.0737,4.991512,0.016342,0.788,0.0,0.0
43.1296,4.991512,0.016342,0.788,0.0,0.0
43.1784,4.991512,0.016342,0.788,0.0,0.0
43.2287,4.991512,0.016342,0.788,0.0,0.0
43.2746,4.991512,0.016342,0.788,0.0,0.0
43.325,4.991512,0.016342,0.788,0.0,0.0
43.3736,4.991512,0.016342,0.788,0.0,0.0
43.424,4.991512,0.016342,0.788,0.0,0.0
43.4737,4.991512,0.016342,0.788,0.0,0.0
43.5287,4.991512,0.016342,0.788,0.0,0.0
43.5796,4.991512,0.016342,0.788,0.0,0.0
43.6258,4.991512,0.016342,0.788,0.0,0.0
43.6759,4.991512,0.016342,0.788,0.0,0.0
43.7248,4.991512,0.016342,0.788,0.0,0.0
43.7736,4.991512,0.016342,0.788,0.0,0.0
43.8239,4.991512,0.016342,0.788,0.0,0.0
43.8744,4.991512,0.016342,0.788,0.0,0.0
43.9305,4.991512,0.016342,0.788,0.0,0.0
43.9768,4.991503,0.016353,0.7818,-0.000177,-0.002083
44.0286,4.991503,0.016353,0.7818,-0.0,1.3e-05
44.0744,4.991498,0.016358,0.7787,-0.000106,-0.001132
44.1242,4.991502,0.016354,0.7813,8.6e-05,0.000933
44.1742,4.991505,0.01635,0.7834,8.2e-05,0.000939
44.2241,4.991505,0.01635,0.7834,0.0,0.0
44.2741,4.991505,0.01635,0.7834,0.0,0.0
44.3283,4.991505,0.01635,0.7834,0.0,0.0
44.3778,4.991505,0.01635,0.7834,0.0,0.0
44.4276,4.991505,0.01635,0.7834,0.0,0.0
44.476,4.991505,0.01635,0.7834,0.0,0.0
44.5238,4.991498,0.016358,0.7788,-0.000116,-0.001352
44.5741,4.991498,0.016358,0.7788,0.0,-0.0
44.624,4.99149,0.016367,0.7737,-0.000147,-0.001723
44.6738,4.991489,0.016368,0.7727,-3.1e-05,-0.000378
44.7285,4.991489,0.016368,0.7727,0.0,0.0
44.7774,4.991484,0.016374,0.7696,-9.5e-05,-0.001112
44.8295,4.991484,0.016374,0.7696,0.0,0.0
44.8745,4.991484,0.016375,0.7691,-9e-06,-0.00015
44.9253,4.991486,0.016372,0.7708,4e-05,0.000506
44.9744,4.991486,0.016372,0.7708,0.0,0.0
45.024,4.99148,0.016379,0.7667,-0.00012,-0.001402
45.0756,4.991486,0.016372,0.7708,0.000133,0.001568
45.1945,4.991486,0.016372,0.7708,0.0,0.0
45.1952,4.991484,0.016374,0.7693,-4.7e-05,-0.000556
45.228,4.991481,0.016377,0.7676,-3.5e-05,-0.000425
45.2775,4.991483,0.016375,0.7689,6.3e-05,0.000742
45.3246,4.991484,0.016374,0.7697,1.5e-05,0.000213
45.3742,4.991481,0.016377,0.7676,-6.5e-05,-0.00072
45.4242,4.991481,0.016377,0.7678,1e-05,8.2e-05
45.4744,4.99148,0.016378,0.767,-2.8e-05,-0.000279
45.5314,4.991478,0.01638,0.7662,-3.2e-05,-0.000347
45.5793,4.991483,0.016374,0.7693,9.7e-05,0.001153
45.6287,4.991477,0.016381,0.7653,-8.8e-05,-0.001024
45.6769,4.991481,0.016377,0.7678,9e-05,0.001044
45.7256,4.991481,0.016377,0.7679,-0.0,4.4e-05
45.775,4.991478,0.01638,0.7664,-4.6e-05,-0.000511
45.8262,4.991484,0.016373,0.7699,0.000122,0.001345
45.8756,4.991485,0.016373,0.7704,1.9e-05,0.000166
45.9293,4.991485,0.016373,0.7704,-0.0,1.4e-05
45.9791,4.991491,0.016365,0.7746,0.000121,0.001437
46.027,4.991481,0.016376,0.7684,-0.000144,-0.001579
46.0762,4.991483,0.016375,0.7693,3.4e-05,0.00039
46.1266,4.991478,0.016379,0.7666,-8.4e-05,-0.000898
46.175,4.991484,0.016373,0.7701,0.000105,0.001231
46.2251,4.991486,0.016371,0.7714,3.7e-05,0.000459
46.2758,4.991484,0.016373,0.7702,-3.8e-05,-0.000406
46.3298,4.991484,0.016373,0.7702,0.0,0.0
46.3784,4.991484,0.016373,0.7702,0.0,0.0
46.4298,4.991484,0.016373,0.7702,0.0,0.0
46.4735,4.991481,0.016376,0.7686,-3.8e-05,-0.000465
46.5238,4.991473,0.016385,0.7632,-0.000159,-0.001859
46.5741,4.991473,0.016385,0.7632,0.0,0.0
46.6238,4.991477,0.016381,0.7658,7.5e-05,0.000911
46.6743,4.991477,0.016381,0.7658,0.0,0.0
46.7308,4.991477,0.016381,0.7658,0.0,0.0
46.7793,4.991477,0.016381,0.7658,0.0,0.0
46.8273,4.991476,0.016382,0.7652,-1.3e-05,-0.000152
46.8748,4.991476,0.016382,0.7652,0.0,0.0
46.9243,4.991476,0.016382,0.7652,0.0,0.0
46.9741,4.991476,0.016382,0.7652,0.0,0.0
47.0238,4.991476,0.016382,0.7652,0.0,0.0
47.075,4.991476,0.016382,0.7652,0.0,0.0
47.1299,4.991476,0.016382,0.7652,0.0,0.0
47.179,4.991476,0.016382,0.7652,0.0,0.0
47.2297,4.991476,0.016382,0.7652,0.0,0.0
47.2745,4.991476,0.016382,0.7652,0.0,0.0
47.3265,4.991476,0.016382,0.7652,0.0,0.0
47.3743,4.991476,0.016382,0.7652,0.0,0.0
47.4237,4.991476,0.016382,0.7652,0.0,0.0
47.474,4.991476,0.016382,0.7652,0.0,0.0
47.5295,4.991476,0.016382,0.7652,0.0,0.0
47.5814,4.991476,0.016382,0.7652,0.0,0.0
47.6265,4.991476,0.016382,0.7652,0.0,0.0
47.6759,4.991476,0.016382,0.7652,0.0,0.0
47.724,4.991476,0.016382,0.7652,0.0,0.0
47.7743,4.991476,0.016382,0.7652,0.0,0.0
47.8237,4.991476,0.016382,0.7652,0.0,0.0
47.8742,4.991476,0.016382,0.7652,0.0,0.0
47.9282,4.99147,0.016388,0.7616,-0.00012,-0.001335
47.9768,4.99147,0.016388,0.7616,0.0,-0.0
48.029,4.991473,0.016384,0.7636,4.6e-05,0.000577
48.0746,4.991468,0.01639,0.7601,-0.000101,-0.001188
48.1242,4.991468,0.01639,0.7601,0.0,0.0
48.1736,4.991458,0.016401,0.7539,-0.00023,-0.002661
48.2245,4.991458,0.016401,0.7539,0.0,0.0
48.2737,4.991461,0.016398,0.7557,6e-05,0.000661
48.3282,4.991461,0.016398,0.7557,0.0,-0.0
48.3839,4.991466,0.016393,0.7586,8.4e-05,0.001021
48.427,4.991466,0.016393,0.7586,0.0,0.0
48.4784,4.991459,0.0164,0.7545,-0.000127,-0.001423
48.524,4.991459,0.0164,0.7547,8e-06,9.3e-05
48.5742,4.991459,0.0164,0.7547,0.0,0.0
48.6241,4.991461,0.016398,0.7559,3.7e-05,0.00039
48.6737,4.991455,0.016405,0.7518,-0.00013,-0.001529
48.7281,4.991455,0.016405,0.7518,0.0,0.0
48.7803,4.991465,0.016394,0.7584,0.000197,0.002305
48.8286,4.991465,0.016394,0.7584,0.0,-0.0
48.8748,4.991462,0.016397,0.7562,-5.4e-05,-0.000635
48.9257,4.991464,0.016394,0.7579,4.8e-05,0.000609
48.9744,4.991463,0.016396,0.757,-2.8e-05,-0.000301
49.0245,4.99147,0.016387,0.762,0.000159,0.001874
49.0757,4.99147,0.016387,0.762,0.0,-3.1e-05
49.1289,4.991472,0.016385,0.7632,4.3e-05,0.00049
49.1803,4.991468,0.01639,0.7606,-8.6e-05,-0.000928
49.2273,4.991464,0.016394,0.7583,-7.3e-05,-0.000807
49.2756,4.991473,0.016383,0.7643,0.000151,0.001778
49.3248,4.991468,0.016389,0.7611,-9.4e-05,-0.001108
49.3768,4.991467,0.01639,0.7606,-1.9e-05,-0.000191
49.4249,4.991468,0.016388,0.7614,2e-05,0.000289
49.4759,4.991473,0.016383,0.7644,9.3e-05,0.001018
49.53,4.991478,0.016378,0.7674,0.000112,0.001273
49.579,4.991475,0.016381,0.7657,-5.6e-05,-0.00059
49.6329,4.991475,0.016381,0.7658,-0.0,1.8e-05
49.6752,4.991478,0.016377,0.7677,4.9e-05,0.000615
49.7257,4.991472,0.016384,0.764,-0.000112,-0.00132
49.7746,4.991474,0.016382,0.7649,2.9e-05,0.000343
49.8254,4.991468,0.016389,0.7611,-0.000108,-0.001279
49.8756,4.99147,0.016386,0.7629,4.7e-05,0.000603
49.929,4.99147,0.016386,0.7629,0.0,0.0
49.9796,4.991464,0.016393,0.7586,-0.000131,-0.001515
